,season,holiday,weekday,workingday,weathersit,temp,atemp,hum,windspeed,casual,registered,cnt,day,month,year
0,spring,no,Sat,no,cloudy,0.344167,0.363625,0.805833,0.160446,331,654,985,1,1,2011
1,spring,no,Sun,no,cloudy,0.363478,0.353739,0.696087,0.248539,131,670,801,2,1,2011
2,spring,no,Mon,no,clear sky,0.196364,0.189405,0.437273,0.248309,120,1229,1349,3,1,2011
3,spring,no,Tue,no,clear sky,0.2,0.212122,0.590435,0.160296,108,1454,1562,4,1,2011
4,spring,no,Wed,no,clear sky,0.226957,0.22927,0.436957,0.1869,82,1518,1600,5,1,2011
5,spring,no,Thu,no,clear sky,0.204348,0.233209,0.518261,0.0895652,88,1518,1606,6,1,2011
6,spring,no,Fri,no,cloudy,0.196522,0.208839,0.498696,0.168726,148,1362,1510,7,1,2011
7,spring,no,Sat,no,cloudy,0.165,0.162254,0.535833,0.266804,68,891,959,8,1,2011
8,spring,no,Sun,no,clear sky,0.138333,0.116175,0.434167,0.36195,54,768,822,9,1,2011
9,spring,no,Mon,no,clear sky,0.150833,0.150888,0.482917,0.223267,41,1280,1321,10,1,2011
10,spring,no,Tue,no,cloudy,0.169091,0.191464,0.686364,0.122132,43,1220,1263,11,1,2011
11,spring,no,Wed,no,clear sky,0.172727,0.160473,0.599545,0.304627,25,1137,1162,12,1,2011
12,spring,no,Thu,no,clear sky,0.165,0.150883,0.470417,0.301,38,1368,1406,13,1,2011
13,spring,no,Fri,no,clear sky,0.16087,0.188413,0.537826,0.126548,54,1367,1421,14,1,2011
14,spring,no,Sat,no,cloudy,0.233333,0.248112,0.49875,0.157963,222,1026,1248,15,1,2011
15,spring,no,Sun,no,clear sky,0.231667,0.234217,0.48375,0.188433,251,953,1204,16,1,2011
16,spring,yes,Mon,no,cloudy,0.175833,0.176771,0.5375,0.194017,117,883,1000,17,1,2011
17,spring,no,Tue,no,cloudy,0.216667,0.232333,0.861667,0.146775,9,674,683,18,1,2011
18,spring,no,Wed,no,cloudy,0.292174,0.298422,0.741739,0.208317,78,1572,1650,19,1,2011
19,spring,no,Thu,no,cloudy,0.261667,0.25505,0.538333,0.195904,83,1844,1927,20,1,2011
20,spring,no,Fri,no,clear sky,0.1775,0.157833,0.457083,0.353242,75,1468,1543,21,1,2011
21,spring,no,Sat,no,clear sky,0.0591304,0.0790696,0.4,0.17197,93,888,981,22,1,2011
22,spring,no,Sun,no,clear sky,0.0965217,0.0988391,0.436522,0.2466,150,836,986,23,1,2011
23,spring,no,Mon,no,clear sky,0.0973913,0.11793,0.491739,0.15833,86,1330,1416,24,1,2011
24,spring,no,Tue,no,cloudy,0.223478,0.234526,,0.129796,186,1799,1985,25,1,2011
25,spring,no,Wed,no,light rain,0.2175,0.2036,0.8625,0.29385,34,472,506,26,1,2011
26,spring,no,Thu,no,clear sky,0.195,0.2197,0.6875,0.113837,15,416,431,27,1,2011
27,spring,no,Fri,no,cloudy,0.203478,0.223317,0.793043,0.1233,38,1129,1167,28,1,2011
28,spring,no,Sat,no,clear sky,0.196522,0.212126,0.651739,0.145365,123,975,1098,29,1,2011
29,spring,no,Sun,no,clear sky,0.216522,0.250322,0.722174,0.0739826,140,956,1096,30,1,2011
30,spring,no,Mon,no,cloudy,0.180833,0.18625,0.60375,0.187192,42,1459,1501,31,1,2011
31,spring,no,Tue,no,cloudy,0.192174,0.23453,0.829565,0.053213,47,1313,1360,1,2,2011
32,spring,no,Wed,no,cloudy,0.26,0.254417,0.775417,0.264308,72,1454,1526,2,2,2011
33,spring,no,Thu,no,clear sky,0.186957,0.177878,0.437826,0.277752,61,1489,1550,3,2,2011
34,spring,no,Fri,no,cloudy,0.211304,0.228587,,0.127839,88,1620,1708,4,2,2011
35,spring,no,Sat,no,cloudy,0.233333,0.243058,0.929167,0.161079,100,905,1005,5,2,2011
36,spring,no,Sun,no,clear sky,0.285833,0.291671,0.568333,0.1418,354,1269,1623,6,2,2011
37,spring,no,Mon,no,clear sky,0.271667,0.303658,0.738333,0.0454083,120,1592,1712,7,2,2011
38,spring,no,Tue,no,clear sky,0.220833,0.198246,0.537917,0.36195,64,1466,1530,8,2,2011
39,spring,no,Wed,no,cloudy,0.134783,0.144283,0.494783,0.188839,53,1552,1605,9,2,2011
40,spring,no,Thu,no,clear sky,0.144348,0.149548,0.437391,0.221935,47,1491,1538,10,2,2011
41,spring,no,Fri,no,clear sky,0.189091,0.213509,0.506364,0.10855,149,1597,1746,11,2,2011
42,spring,no,Sat,no,clear sky,0.2225,0.232954,0.544167,0.203367,288,1184,1472,12,2,2011
43,spring,no,Sun,no,clear sky,0.316522,0.324113,,0.260883,397,1192,1589,13,2,2011
44,spring,no,Mon,no,clear sky,0.415,0.39835,0.375833,0.417908,208,1705,1913,14,2,2011
45,spring,no,Tue,no,clear sky,0.266087,0.254274,0.314348,0.291374,140,1675,1815,15,2,2011
46,spring,no,Wed,no,clear sky,0.318261,0.3162,0.423478,0.251791,218,1897,2115,16,2,2011
47,spring,no,Thu,no,clear sky,0.435833,0.428658,0.505,0.230104,259,2216,2475,17,2,2011
48,spring,no,Fri,no,clear sky,0.521667,0.511983,0.516667,0.264925,579,2348,2927,18,2,2011
49,spring,no,Sat,no,clear sky,0.399167,0.391404,0.187917,0.507463,532,1103,1635,19,2,2011
50,spring,no,Sun,no,clear sky,0.285217,0.27733,0.407826,0.223235,639,1173,1812,20,2,2011
51,spring,yes,Mon,no,cloudy,0.303333,0.284075,0.605,0.307846,195,912,1107,21,2,2011
52,spring,no,Tue,no,clear sky,0.182222,0.186033,0.577778,0.195683,74,1376,1450,22,2,2011
53,spring,no,Wed,no,clear sky,0.221739,0.245717,0.423043,0.094113,139,1778,1917,23,2,2011
54,spring,no,Thu,no,cloudy,0.295652,0.289191,0.697391,0.250496,100,1707,1807,24,2,2011
55,spring,no,Fri,no,cloudy,0.364348,0.350461,0.712174,0.346539,120,1341,1461,25,2,2011
56,spring,no,Sat,no,clear sky,0.2825,0.282192,0.537917,0.186571,424,1545,1969,26,2,2011
57,spring,no,Sun,no,clear sky,0.343478,0.351109,0.68,0.125248,694,1708,2402,27,2,2011
58,spring,no,Mon,no,cloudy,0.407273,0.400118,0.876364,0.289686,81,1365,1446,28,2,2011
59,spring,no,Tue,no,clear sky,0.266667,0.263879,,0.216425,137,1714,1851,1,3,2011
60,spring,no,Wed,no,clear sky,0.335,0.320071,0.449583,0.307833,231,1903,2134,2,3,2011
61,spring,no,Thu,no,clear sky,0.198333,0.200133,0.318333,0.225754,123,1562,1685,3,3,2011
62,spring,no,Fri,no,cloudy,0.261667,0.255679,0.610417,0.203346,214,1730,1944,4,3,2011
63,spring,no,Sat,no,cloudy,0.384167,0.378779,0.789167,0.251871,640,1437,2077,5,3,2011
64,spring,no,Sun,no,cloudy,0.376522,0.366252,0.948261,0.343287,114,491,605,6,3,2011
65,spring,no,Mon,no,clear sky,0.261739,0.238461,0.551304,0.341352,244,1628,1872,7,3,2011
66,spring,no,Tue,no,clear sky,0.2925,0.3024,,0.12065,316,1817,2133,8,3,2011
67,spring,no,Wed,no,cloudy,0.295833,0.286608,0.775417,0.22015,191,1700,1891,9,3,2011
68,spring,no,Thu,no,light rain,0.389091,0.385668,0.0,0.261877,46,577,623,10,3,2011
69,spring,no,Fri,no,cloudy,0.316522,0.305,0.649565,0.23297,247,1730,1977,11,3,2011
70,spring,no,Sat,no,clear sky,0.329167,0.32575,0.594583,0.220775,724,1408,2132,12,3,2011
71,spring,no,Sun,no,clear sky,0.384348,0.380091,0.527391,0.270604,982,1435,2417,13,3,2011
72,spring,no,Mon,no,clear sky,0.325217,0.332,0.496957,0.136926,359,1687,2046,14,3,2011
73,spring,no,Tue,no,cloudy,0.317391,0.318178,0.655652,0.184309,289,1767,2056,15,3,2011
74,spring,no,Wed,no,cloudy,0.365217,0.36693,,0.203117,321,1871,2192,16,3,2011
75,spring,no,Thu,no,clear sky,0.415,0.410333,0.602917,0.209579,424,2320,2744,17,3,2011
76,spring,no,Fri,no,clear sky,0.54,0.527009,0.525217,0.231017,884,2355,3239,18,3,2011
77,spring,no,Sat,no,clear sky,0.4725,0.466525,0.379167,0.368167,1424,1693,3117,19,3,2011
78,spring,no,Sun,no,clear sky,0.3325,0.32575,0.47375,0.207721,1047,1424,2471,20,3,2011
79,summer,no,Mon,no,cloudy,0.430435,0.409735,0.737391,0.288783,401,1676,2077,21,3,2011
80,summer,no,Tue,no,clear sky,0.441667,0.440642,0.624583,0.22575,460,2243,2703,22,3,2011
81,summer,no,Wed,no,cloudy,0.346957,0.337939,0.839565,0.234261,203,1918,2121,23,3,2011
82,summer,no,Thu,no,cloudy,0.285,0.270833,0.805833,0.243787,166,1699,1865,24,3,2011
83,summer,no,Fri,no,clear sky,0.264167,0.256312,0.495,0.230725,300,1910,2210,25,3,2011
84,summer,no,Sat,no,clear sky,0.265833,0.257571,0.394167,0.209571,981,1515,2496,26,3,2011
85,summer,no,Sun,no,cloudy,0.253043,0.250339,0.493913,0.1843,472,1221,1693,27,3,2011
86,summer,no,Mon,no,clear sky,0.264348,0.257574,0.302174,0.212204,222,1806,2028,28,3,2011
87,summer,no,Tue,no,clear sky,0.3025,0.292908,0.314167,0.226996,317,2108,2425,29,3,2011
88,summer,no,Wed,no,cloudy,0.3,0.29735,0.646667,0.172888,168,1368,1536,30,3,2011
89,summer,no,Thu,no,light rain,0.268333,0.257575,0.918333,0.217646,179,1506,1685,31,3,2011
90,summer,no,Fri,no,cloudy,0.3,0.283454,0.68625,0.258708,307,1920,2227,1,4,2011
91,summer,no,Sat,no,cloudy,0.315,0.315637,0.65375,0.197146,898,1354,2252,2,4,2011
92,summer,no,Sun,no,clear sky,0.378333,0.378767,0.48,0.182213,1651,1598,3249,3,4,2011
93,summer,no,Mon,no,clear sky,0.573333,0.542929,0.42625,0.385571,734,2381,3115,4,4,2011
94,summer,no,Tue,no,cloudy,0.414167,0.39835,0.642083,0.388067,167,1628,1795,5,4,2011
95,summer,no,Wed,no,clear sky,0.390833,0.387608,0.470833,0.263063,413,2395,2808,6,4,2011
96,summer,no,Thu,no,clear sky,0.4375,0.433696,0.602917,0.162312,571,2570,3141,7,4,2011
97,summer,no,Fri,no,cloudy,0.335833,0.324479,,0.226992,172,1299,1471,8,4,2011
98,summer,no,Sat,no,cloudy,0.3425,0.341529,0.8775,0.133083,879,1576,2455,9,4,2011
99,summer,no,Sun,no,cloudy,0.426667,0.426737,0.8575,0.146767,1188,1707,2895,10,4,2011
100,summer,no,Mon,no,cloudy,0.595652,0.565217,0.716956,0.324474,855,2493,3348,11,4,2011
101,summer,no,Tue,no,cloudy,0.5025,0.493054,0.739167,0.274879,257,1777,2034,12,4,2011
102,summer,no,Wed,no,cloudy,0.4125,0.417283,0.819167,0.250617,209,1953,2162,13,4,2011
103,summer,no,Thu,no,clear sky,0.4675,0.462742,0.540417,0.1107,529,2738,3267,14,4,2011
104,summer,yes,Fri,no,clear sky,0.446667,0.441913,0.67125,0.226375,642,2484,3126,15,4,2011
105,summer,no,Sat,no,light rain,0.430833,0.425492,0.888333,0.340808,121,674,795,16,4,2011
106,summer,no,Sun,no,clear sky,0.456667,0.445696,0.479583,0.303496,1558,2186,3744,17,4,2011
107,summer,no,Mon,no,clear sky,0.5125,0.503146,0.5425,0.163567,669,2760,3429,18,4,2011
108,summer,no,Tue,no,cloudy,0.505833,0.489258,0.665833,0.157971,409,2795,3204,19,4,2011
109,summer,no,Wed,no,clear sky,0.595,0.564392,0.614167,0.241925,613,3331,3944,20,4,2011
110,summer,no,Thu,no,clear sky,0.459167,0.453892,0.407083,0.325258,745,3444,4189,21,4,2011
111,summer,no,Fri,no,cloudy,0.336667,0.321954,0.729583,0.219521,177,1506,1683,22,4,2011
112,summer,no,Sat,no,cloudy,0.46,0.450121,0.887917,0.230725,1462,2574,4036,23,4,2011
113,summer,no,Sun,no,cloudy,0.581667,0.551763,0.810833,0.192175,1710,2481,4191,24,4,2011
114,summer,no,Mon,no,clear sky,0.606667,0.5745,0.776667,0.185333,773,3300,4073,25,4,2011
115,summer,no,Tue,no,clear sky,0.631667,0.594083,0.729167,0.3265,678,3722,4400,26,4,2011
116,summer,no,Wed,no,cloudy,0.62,0.575142,0.835417,0.3122,547,3325,3872,27,4,2011
117,summer,no,Thu,no,cloudy,0.6175,0.578929,0.700833,0.320908,569,3489,4058,28,4,2011
118,summer,no,Fri,no,clear sky,0.51,0.497463,0.457083,0.240063,878,3717,4595,29,4,2011
119,summer,no,Sat,no,clear sky,0.4725,0.464021,0.503333,0.235075,1965,3347,5312,30,4,2011
120,summer,no,Sun,no,cloudy,0.451667,0.448204,0.762083,0.106354,1138,2213,3351,1,5,2011
121,summer,no,Mon,no,cloudy,0.549167,0.532833,0.73,0.183454,847,3554,4401,2,5,2011
122,summer,no,Tue,no,cloudy,0.616667,0.582079,0.697083,0.342667,603,3848,4451,3,5,2011
123,summer,no,Wed,no,cloudy,0.414167,0.40465,0.737083,0.328996,255,2378,2633,4,5,2011
124,summer,no,Thu,no,clear sky,0.459167,0.441917,0.444167,0.295392,614,3819,4433,5,5,2011
125,summer,no,Fri,no,clear sky,0.479167,0.474117,0.59,0.228246,894,3714,4608,6,5,2011
126,summer,no,Sat,no,clear sky,0.52,0.512621,0.54125,0.16045,1612,3102,4714,7,5,2011
127,summer,no,Sun,no,clear sky,0.528333,0.518933,0.631667,0.0746375,1401,2932,4333,8,5,2011
128,summer,no,Mon,no,clear sky,0.5325,0.525246,0.58875,0.176,664,3698,4362,9,5,2011
129,summer,no,Tue,no,clear sky,0.5325,0.522721,0.489167,0.115671,694,4109,4803,10,5,2011
130,summer,no,Wed,no,clear sky,0.5425,0.5284,0.632917,0.120642,550,3632,4182,11,5,2011
131,summer,no,Thu,no,clear sky,0.535,0.523363,0.7475,0.189667,695,4169,4864,12,5,2011
132,summer,no,Fri,no,cloudy,0.5125,0.4943,0.863333,0.179725,692,3413,4105,13,5,2011
133,summer,no,Sat,no,cloudy,0.520833,0.500629,0.9225,0.13495,902,2507,3409,14,5,2011
134,summer,no,Sun,no,cloudy,0.5625,0.536,0.867083,0.152979,1582,2971,4553,15,5,2011
135,summer,no,Mon,no,clear sky,0.5775,0.550512,0.787917,0.126871,773,3185,3958,16,5,2011
136,summer,no,Tue,no,cloudy,0.561667,0.538529,0.837917,0.277354,678,3445,4123,17,5,2011
137,summer,no,Wed,no,cloudy,0.55,0.527158,0.87,0.201492,536,3319,3855,18,5,2011
138,summer,no,Thu,no,cloudy,0.530833,0.510742,,0.108213,735,3840,4575,19,5,2011
139,summer,no,Fri,no,clear sky,0.536667,0.529042,0.719583,0.125013,909,4008,4917,20,5,2011
140,summer,no,Sat,no,clear sky,0.6025,0.571975,0.626667,0.12065,2258,3547,5805,21,5,2011
141,summer,no,Sun,no,clear sky,0.604167,0.5745,0.749583,0.148008,1576,3084,4660,22,5,2011
142,summer,no,Mon,no,cloudy,0.631667,0.590296,0.81,0.233842,836,3438,4274,23,5,2011
143,summer,no,Tue,no,cloudy,0.66,0.604813,0.740833,0.207092,659,3833,4492,24,5,2011
144,summer,no,Wed,no,clear sky,0.660833,0.615542,0.69625,0.154233,740,4238,4978,25,5,2011
145,summer,no,Thu,no,clear sky,0.708333,0.654688,0.6775,0.199642,758,3919,4677,26,5,2011
146,summer,no,Fri,no,clear sky,0.681667,0.637008,0.65375,0.240679,871,3808,4679,27,5,2011
147,summer,no,Sat,no,clear sky,0.655833,0.612379,0.729583,0.230092,2001,2757,4758,28,5,2011
148,summer,no,Sun,no,clear sky,0.6675,0.61555,0.81875,0.213938,2355,2433,4788,29,5,2011
149,summer,yes,Mon,no,clear sky,0.733333,0.671092,0.685,0.131225,1549,2549,4098,30,5,2011
150,summer,no,Tue,no,clear sky,0.775,0.725383,0.636667,0.111329,673,3309,3982,31,5,2011
151,summer,no,Wed,no,cloudy,0.764167,0.720967,0.677083,0.207092,513,3461,3974,1,6,2011
152,summer,no,Thu,no,clear sky,0.715,0.643942,0.305,0.292287,736,4232,4968,2,6,2011
153,summer,no,Fri,no,clear sky,0.62,0.587133,0.354167,0.253121,898,4414,5312,3,6,2011
154,summer,no,Sat,no,clear sky,0.635,0.594696,0.45625,0.123142,1869,3473,5342,4,6,2011
155,summer,no,Sun,no,cloudy,0.648333,0.616804,0.6525,0.138692,1685,3221,4906,5,6,2011
156,summer,no,Mon,no,clear sky,0.678333,0.621858,,0.121896,673,3875,4548,6,6,2011
157,summer,no,Tue,no,clear sky,0.7075,0.65595,0.597917,0.187808,763,4070,4833,7,6,2011
158,summer,no,Wed,no,clear sky,0.775833,0.727279,0.622083,0.136817,676,3725,4401,8,6,2011
159,summer,no,Thu,no,cloudy,0.808333,0.757579,0.568333,0.149883,563,3352,3915,9,6,2011
160,summer,no,Fri,no,clear sky,0.755,0.703292,0.605,0.140554,815,3771,4586,10,6,2011
161,summer,no,Sat,no,clear sky,0.725,0.678038,0.654583,0.15485,1729,3237,4966,11,6,2011
162,summer,no,Sun,no,clear sky,0.6925,0.643325,0.747917,0.163567,1467,2993,4460,12,6,2011
163,summer,no,Mon,no,clear sky,0.635,0.601654,0.494583,0.30535,863,4157,5020,13,6,2011
164,summer,no,Tue,no,clear sky,0.604167,0.591546,,0.269283,727,4164,4891,14,6,2011
165,summer,no,Wed,no,clear sky,0.626667,0.587754,0.471667,0.167912,769,4411,5180,15,6,2011
166,summer,no,Thu,no,cloudy,0.628333,0.595346,0.688333,0.206471,545,3222,3767,16,6,2011
167,summer,no,Fri,no,clear sky,0.649167,0.600383,0.735833,0.143029,863,3981,4844,17,6,2011
168,summer,no,Sat,no,clear sky,0.696667,0.643954,0.670417,0.119408,1807,3312,5119,18,6,2011
169,summer,no,Sun,no,cloudy,0.699167,0.645846,0.666667,0.102,1639,3105,4744,19,6,2011
170,summer,no,Mon,no,cloudy,0.635,0.595346,0.74625,0.155475,699,3311,4010,20,6,2011
171,fall,no,Tue,no,cloudy,0.680833,0.637646,0.770417,0.171025,774,4061,4835,21,6,2011
172,fall,no,Wed,no,clear sky,0.733333,0.693829,0.7075,0.172262,661,3846,4507,22,6,2011
173,fall,no,Thu,no,cloudy,0.728333,0.693833,0.703333,0.238804,746,4044,4790,23,6,2011
174,fall,no,Fri,no,clear sky,0.724167,0.656583,0.573333,0.222025,969,4022,4991,24,6,2011
175,fall,no,Sat,no,clear sky,0.695,0.643313,0.483333,0.209571,1782,3420,5202,25,6,2011
176,fall,no,Sun,no,clear sky,0.68,0.637629,0.513333,0.0945333,1920,3385,5305,26,6,2011
177,fall,no,Mon,no,cloudy,0.6825,0.637004,0.658333,0.107588,854,3854,4708,27,6,2011
178,fall,no,Tue,no,clear sky,0.744167,0.692558,0.634167,0.144283,732,3916,4648,28,6,2011
179,fall,no,Wed,no,clear sky,0.728333,0.654688,0.497917,0.261821,848,4377,5225,29,6,2011
180,fall,no,Thu,no,clear sky,0.696667,0.637008,0.434167,0.185312,1027,4488,5515,30,6,2011
181,fall,no,Fri,no,clear sky,0.7225,0.652162,0.39625,0.102608,1246,4116,5362,1,7,2011
182,fall,no,Sat,no,clear sky,0.738333,0.667308,0.444583,0.115062,2204,2915,5119,2,7,2011
183,fall,no,Sun,no,cloudy,0.716667,0.668575,0.6825,0.228858,2282,2367,4649,3,7,2011
184,fall,yes,Mon,no,cloudy,0.726667,0.665417,0.637917,0.0814792,3065,2978,6043,4,7,2011
185,fall,no,Tue,no,clear sky,0.746667,0.696338,0.590417,0.126258,1031,3634,4665,5,7,2011
186,fall,no,Wed,no,clear sky,0.72,0.685633,0.743333,0.149883,784,3845,4629,6,7,2011
187,fall,no,Thu,no,clear sky,0.75,0.686871,0.65125,0.1592,754,3838,4592,7,7,2011
188,fall,no,Fri,no,cloudy,0.709167,0.670483,,0.225129,692,3348,4040,8,7,2011
189,fall,no,Sat,no,clear sky,0.733333,0.664158,0.609167,0.167912,1988,3348,5336,9,7,2011
190,fall,no,Sun,no,clear sky,0.7475,0.690025,0.578333,0.183471,1743,3138,4881,10,7,2011
191,fall,no,Mon,no,clear sky,0.7625,0.729804,0.635833,0.282337,723,3363,4086,11,7,2011
192,fall,no,Tue,no,clear sky,0.794167,0.739275,0.559167,0.200254,662,3596,4258,12,7,2011
193,fall,no,Wed,no,clear sky,0.746667,0.689404,0.631667,0.146133,748,3594,4342,13,7,2011
194,fall,no,Thu,no,clear sky,0.680833,0.635104,0.47625,0.240667,888,4196,5084,14,7,2011
195,fall,no,Fri,no,clear sky,0.663333,0.624371,0.59125,0.182833,1318,4220,5538,15,7,2011
196,fall,no,Sat,no,clear sky,0.686667,0.638263,0.585,0.208342,2418,3505,5923,16,7,2011
197,fall,no,Sun,no,clear sky,0.719167,0.669833,0.604167,0.245033,2006,3296,5302,17,7,2011
198,fall,no,Mon,no,clear sky,0.746667,0.703925,0.65125,0.215804,841,3617,4458,18,7,2011
199,fall,no,Tue,no,clear sky,0.776667,0.747479,0.650417,0.1306,752,3789,4541,19,7,2011
200,fall,no,Wed,no,clear sky,0.768333,0.74685,0.707083,0.113817,644,3688,4332,20,7,2011
201,fall,no,Thu,no,cloudy,0.815,0.826371,0.69125,0.222021,632,3152,3784,21,7,2011
202,fall,no,Fri,no,clear sky,0.848333,0.840896,0.580417,0.1331,562,2825,3387,22,7,2011
203,fall,no,Sat,no,clear sky,0.849167,0.804287,0.5,0.131221,987,2298,3285,23,7,2011
204,fall,no,Sun,no,clear sky,0.83,0.794829,0.550833,0.169171,1050,2556,3606,24,7,2011
205,fall,no,Mon,no,clear sky,0.743333,0.720958,0.757083,0.0908083,568,3272,3840,25,7,2011
206,fall,no,Tue,no,clear sky,0.771667,0.696979,0.540833,0.200258,750,3840,4590,26,7,2011
207,fall,no,Wed,no,clear sky,0.775,0.690667,0.402917,0.183463,755,3901,4656,27,7,2011
208,fall,no,Thu,no,clear sky,0.779167,0.7399,0.583333,0.178479,606,3784,4390,28,7,2011
209,fall,no,Fri,no,clear sky,0.838333,0.785967,0.5425,0.174138,670,3176,3846,29,7,2011
210,fall,no,Sat,no,clear sky,0.804167,0.728537,0.465833,0.168537,1559,2916,4475,30,7,2011
211,fall,no,Sun,no,clear sky,0.805833,0.729796,0.480833,0.164813,1524,2778,4302,31,7,2011
212,fall,no,Mon,no,clear sky,0.771667,0.703292,0.550833,0.156717,729,3537,4266,1,8,2011
213,fall,no,Tue,no,clear sky,0.783333,0.707071,0.49125,0.20585,801,4044,4845,2,8,2011
214,fall,no,Wed,no,cloudy,0.731667,0.679937,0.6575,0.135583,467,3107,3574,3,8,2011
215,fall,no,Thu,no,cloudy,0.71,0.664788,0.7575,0.19715,799,3777,4576,4,8,2011
216,fall,no,Fri,no,clear sky,0.710833,0.656567,0.630833,0.184696,1023,3843,4866,5,8,2011
217,fall,no,Sat,no,cloudy,0.716667,0.676154,0.755,0.22825,1521,2773,4294,6,8,2011
218,fall,no,Sun,no,clear sky,0.7425,0.715292,0.752917,0.201487,1298,2487,3785,7,8,2011
219,fall,no,Mon,no,clear sky,0.765,0.703283,0.592083,0.192175,846,3480,4326,8,8,2011
220,fall,no,Tue,no,clear sky,0.775,0.724121,,0.151121,907,3695,4602,9,8,2011
221,fall,no,Wed,no,clear sky,0.766667,0.684983,0.424167,0.200258,884,3896,4780,10,8,2011
222,fall,no,Thu,no,clear sky,0.7175,0.651521,0.42375,0.164796,812,3980,4792,11,8,2011
223,fall,no,Fri,no,clear sky,0.708333,0.654042,0.415,0.125621,1051,3854,4905,12,8,2011
224,fall,no,Sat,no,cloudy,0.685833,0.645858,0.729583,0.211454,1504,2646,4150,13,8,2011
225,fall,no,Sun,no,cloudy,0.676667,0.624388,0.8175,0.222633,1338,2482,3820,14,8,2011
226,fall,no,Mon,no,clear sky,0.665833,0.616167,0.712083,0.208954,775,3563,4338,15,8,2011
227,fall,no,Tue,no,clear sky,0.700833,0.645837,0.578333,0.236329,721,4004,4725,16,8,2011
228,fall,no,Wed,no,clear sky,0.723333,0.666671,0.575417,0.143667,668,4026,4694,17,8,2011
229,fall,no,Thu,no,clear sky,0.711667,0.662258,0.654583,0.233208,639,3166,3805,18,8,2011
230,fall,no,Fri,no,cloudy,0.685,0.633221,0.722917,0.139308,797,3356,4153,19,8,2011
231,fall,no,Sat,no,clear sky,0.6975,0.648996,0.674167,0.104467,1914,3277,5191,20,8,2011
232,fall,no,Sun,no,clear sky,0.710833,0.675525,0.77,0.248754,1249,2624,3873,21,8,2011
233,fall,no,Mon,no,clear sky,0.691667,0.638254,0.47,0.27675,833,3925,4758,22,8,2011
234,fall,no,Tue,no,clear sky,0.640833,0.606067,0.455417,0.146763,1281,4614,5895,23,8,2011
235,fall,no,Wed,no,clear sky,0.673333,0.630692,0.605,0.253108,949,4181,5130,24,8,2011
236,fall,no,Thu,no,cloudy,0.684167,0.645854,0.771667,0.210833,435,3107,3542,25,8,2011
237,fall,no,Fri,no,clear sky,0.7,0.659733,0.76125,0.0839625,768,3893,4661,26,8,2011
238,fall,no,Sat,no,cloudy,0.68,0.635556,0.85,0.375617,226,889,1115,27,8,2011
239,fall,no,Sun,no,clear sky,0.707059,0.647959,0.561765,0.304659,1415,2919,4334,28,8,2011
240,fall,no,Mon,no,clear sky,0.636667,0.607958,0.554583,0.159825,729,3905,4634,29,8,2011
241,fall,no,Tue,no,clear sky,0.639167,0.594704,,0.125008,775,4429,5204,30,8,2011
242,fall,no,Wed,no,clear sky,0.656667,0.611121,0.597917,0.0833333,688,4370,5058,31,8,2011
243,fall,no,Thu,no,clear sky,0.655,0.614921,0.639167,0.141796,783,4332,5115,1,9,2011
244,fall,no,Fri,no,cloudy,0.643333,0.604808,0.727083,0.139929,875,3852,4727,2,9,2011
245,fall,no,Sat,no,clear sky,0.669167,0.633213,0.716667,0.185325,1935,2549,4484,3,9,2011
246,fall,no,Sun,no,clear sky,0.709167,0.665429,0.742083,0.206467,2521,2419,4940,4,9,2011
247,fall,yes,Mon,no,cloudy,0.673333,0.625646,0.790417,0.212696,1236,2115,3351,5,9,2011
248,fall,no,Tue,no,light rain,0.54,0.5152,0.886957,0.343943,204,2506,2710,6,9,2011
249,fall,no,Wed,no,light rain,0.599167,0.544229,0.917083,0.0970208,118,1878,1996,7,9,2011
250,fall,no,Thu,no,light rain,0.633913,0.555361,0.939565,0.192748,153,1689,1842,8,9,2011
251,fall,no,Fri,no,cloudy,0.65,0.578946,0.897917,0.124379,417,3127,3544,9,9,2011
252,fall,no,Sat,no,clear sky,0.66,0.607962,0.75375,0.153608,1750,3595,5345,10,9,2011
253,fall,no,Sun,no,clear sky,0.653333,0.609229,0.71375,0.115054,1633,3413,5046,11,9,2011
254,fall,no,Mon,no,clear sky,0.644348,0.60213,0.692174,0.088913,690,4023,4713,12,9,2011
255,fall,no,Tue,no,clear sky,0.650833,0.603554,0.7125,0.141804,701,4062,4763,13,9,2011
256,fall,no,Wed,no,clear sky,0.673333,0.6269,0.697083,0.1673,647,4138,4785,14,9,2011
257,fall,no,Thu,no,cloudy,0.5775,0.553671,0.709167,0.271146,428,3231,3659,15,9,2011
258,fall,no,Fri,no,cloudy,0.469167,0.461475,0.590417,0.164183,742,4018,4760,16,9,2011
259,fall,no,Sat,no,cloudy,0.491667,0.478512,0.718333,0.189675,1434,3077,4511,17,9,2011
260,fall,no,Sun,no,clear sky,0.5075,0.490537,0.695,0.178483,1353,2921,4274,18,9,2011
261,fall,no,Mon,no,cloudy,0.549167,0.529675,0.69,0.151742,691,3848,4539,19,9,2011
262,fall,no,Tue,no,cloudy,0.561667,0.532217,0.88125,0.134954,438,3203,3641,20,9,2011
263,fall,no,Wed,no,cloudy,0.595,0.550533,0.9,0.0964042,539,3813,4352,21,9,2011
264,fall,no,Thu,no,cloudy,0.628333,0.554963,0.902083,0.128125,555,4240,4795,22,9,2011
265,winter,no,Fri,no,cloudy,0.609167,0.522125,0.9725,0.0783667,258,2137,2395,23,9,2011
266,winter,no,Sat,no,cloudy,0.606667,0.564412,0.8625,0.0783833,1776,3647,5423,24,9,2011
267,winter,no,Sun,no,cloudy,0.634167,0.572637,0.845,0.0503792,1544,3466,5010,25,9,2011
268,winter,no,Mon,no,cloudy,0.649167,0.589042,,0.1107,684,3946,4630,26,9,2011
269,winter,no,Tue,no,cloudy,0.636667,0.574525,0.885417,0.118171,477,3643,4120,27,9,2011
270,winter,no,Wed,no,cloudy,0.635,0.575158,0.84875,0.148629,480,3427,3907,28,9,2011
271,winter,no,Thu,no,clear sky,0.616667,0.574512,0.699167,0.172883,653,4186,4839,29,9,2011
272,winter,no,Fri,no,clear sky,0.564167,0.544829,0.6475,0.206475,830,4372,5202,30,9,2011
273,winter,no,Sat,no,cloudy,0.41,0.412863,0.75375,0.292296,480,1949,2429,1,10,2011
274,winter,no,Sun,no,cloudy,0.356667,0.345317,0.791667,0.222013,616,2302,2918,2,10,2011
275,winter,no,Mon,no,cloudy,0.384167,0.392046,0.760833,0.0833458,330,3240,3570,3,10,2011
276,winter,no,Tue,no,clear sky,0.484167,0.472858,0.71,0.205854,486,3970,4456,4,10,2011
277,winter,no,Wed,no,clear sky,0.538333,0.527138,0.647917,0.17725,559,4267,4826,5,10,2011
278,winter,no,Thu,no,clear sky,0.494167,0.480425,0.620833,0.134954,639,4126,4765,6,10,2011
279,winter,no,Fri,no,clear sky,0.510833,0.504404,0.684167,0.0223917,949,4036,4985,7,10,2011
280,winter,no,Sat,no,clear sky,0.521667,0.513242,0.70125,0.0454042,2235,3174,5409,8,10,2011
281,winter,no,Sun,no,clear sky,0.540833,0.523983,0.7275,0.06345,2397,3114,5511,9,10,2011
282,winter,yes,Mon,no,clear sky,0.570833,0.542925,0.73375,0.0423042,1514,3603,5117,10,10,2011
283,winter,no,Tue,no,cloudy,0.566667,0.546096,0.80875,0.143042,667,3896,4563,11,10,2011
284,winter,no,Wed,no,light rain,0.543333,0.517717,0.90625,0.24815,217,2199,2416,12,10,2011
285,winter,no,Thu,no,cloudy,0.589167,0.551804,0.896667,0.141787,290,2623,2913,13,10,2011
286,winter,no,Fri,no,cloudy,0.550833,0.529675,0.71625,0.223883,529,3115,3644,14,10,2011
287,winter,no,Sat,no,clear sky,0.506667,0.498725,0.483333,0.258083,1899,3318,5217,15,10,2011
288,winter,no,Sun,no,clear sky,0.511667,0.503154,0.486667,0.281717,1748,3293,5041,16,10,2011
289,winter,no,Mon,no,clear sky,0.534167,0.510725,,0.175379,713,3857,4570,17,10,2011
290,winter,no,Tue,no,cloudy,0.5325,0.522721,0.701667,0.110087,637,4111,4748,18,10,2011
291,winter,no,Wed,no,light rain,0.541739,0.513848,0.895217,0.243339,254,2170,2424,19,10,2011
292,winter,no,Thu,no,clear sky,0.475833,0.466525,0.63625,0.422275,471,3724,4195,20,10,2011
293,winter,no,Fri,no,clear sky,0.4275,0.423596,0.574167,0.221396,676,3628,4304,21,10,2011
294,winter,no,Sat,no,clear sky,0.4225,0.425492,0.629167,0.0926667,1499,2809,4308,22,10,2011
295,winter,no,Sun,no,clear sky,0.421667,0.422333,0.74125,0.0995125,1619,2762,4381,23,10,2011
296,winter,no,Mon,no,clear sky,0.463333,0.457067,0.772083,0.118792,699,3488,4187,24,10,2011
297,winter,no,Tue,no,clear sky,0.471667,0.463375,0.622917,0.166658,695,3992,4687,25,10,2011
298,winter,no,Wed,no,cloudy,0.484167,0.472846,0.720417,0.148642,404,3490,3894,26,10,2011
299,winter,no,Thu,no,cloudy,0.47,0.457046,0.812917,0.197763,240,2419,2659,27,10,2011
300,winter,no,Fri,no,cloudy,0.330833,0.318812,0.585833,0.229479,456,3291,3747,28,10,2011
301,winter,no,Sat,no,light rain,0.254167,0.227913,0.8825,0.351371,57,570,627,29,10,2011
302,winter,no,Sun,no,clear sky,0.319167,0.321329,0.62375,0.176617,885,2446,3331,30,10,2011
303,winter,no,Mon,no,clear sky,0.34,0.356063,0.703333,0.10635,362,3307,3669,31,10,2011
304,winter,no,Tue,no,clear sky,0.400833,0.397088,0.68375,0.135571,410,3658,4068,1,11,2011
305,winter,no,Wed,no,clear sky,0.3775,0.390133,0.71875,0.0820917,370,3816,4186,2,11,2011
306,winter,no,Thu,no,clear sky,0.408333,0.405921,0.702083,0.136817,318,3656,3974,3,11,2011
307,winter,no,Fri,no,cloudy,0.403333,0.403392,0.6225,0.271779,470,3576,4046,4,11,2011
308,winter,no,Sat,no,clear sky,0.326667,0.323854,0.519167,0.189062,1156,2770,3926,5,11,2011
309,winter,no,Sun,no,clear sky,0.348333,0.362358,0.734583,0.0920542,952,2697,3649,6,11,2011
310,winter,no,Mon,no,clear sky,0.395,0.400871,0.75875,0.057225,373,3662,4035,7,11,2011
311,winter,no,Tue,no,clear sky,0.408333,0.412246,0.721667,0.0690375,376,3829,4205,8,11,2011
312,winter,no,Wed,no,clear sky,0.4,0.409079,0.758333,0.0621958,305,3804,4109,9,11,2011
313,winter,no,Thu,no,cloudy,0.38,0.373721,0.813333,0.189067,190,2743,2933,10,11,2011
314,winter,yes,Fri,no,clear sky,0.324167,0.306817,0.44625,0.314675,440,2928,3368,11,11,2011
315,winter,no,Sat,no,clear sky,0.356667,0.357942,0.552917,0.212062,1275,2792,4067,12,11,2011
316,winter,no,Sun,no,clear sky,0.440833,0.43055,0.458333,0.281721,1004,2713,3717,13,11,2011
317,winter,no,Mon,no,clear sky,0.53,0.524612,0.587083,0.306596,595,3891,4486,14,11,2011
318,winter,no,Tue,no,cloudy,0.53,0.507579,0.68875,0.199633,449,3746,4195,15,11,2011
319,winter,no,Wed,no,light rain,0.456667,0.451988,0.93,0.136829,145,1672,1817,16,11,2011
320,winter,no,Thu,no,cloudy,0.341667,0.323221,0.575833,0.305362,139,2914,3053,17,11,2011
321,winter,no,Fri,no,clear sky,0.274167,0.272721,0.41,0.168533,245,3147,3392,18,11,2011
322,winter,no,Sat,no,clear sky,0.329167,0.324483,0.502083,0.224496,943,2720,3663,19,11,2011
323,winter,no,Sun,no,cloudy,0.463333,0.457058,0.684583,0.18595,787,2733,3520,20,11,2011
324,winter,no,Mon,no,light rain,0.4475,0.445062,0.91,0.138054,220,2545,2765,21,11,2011
325,winter,no,Tue,no,light rain,0.416667,0.421696,0.9625,0.118792,69,1538,1607,22,11,2011
326,winter,no,Wed,no,cloudy,0.440833,0.430537,0.757917,0.335825,112,2454,2566,23,11,2011
327,winter,yes,Thu,no,clear sky,0.373333,0.372471,0.549167,0.167304,560,935,1495,24,11,2011
328,winter,no,Fri,no,clear sky,0.375,0.380671,,0.0988958,1095,1697,2792,25,11,2011
329,winter,no,Sat,no,clear sky,0.375833,0.385087,0.681667,0.0684208,1249,1819,3068,26,11,2011
330,winter,no,Sun,no,clear sky,0.459167,0.4558,0.698333,0.208954,810,2261,3071,27,11,2011
331,winter,no,Mon,no,clear sky,0.503478,0.490122,0.743043,0.142122,253,3614,3867,28,11,2011
332,winter,no,Tue,no,cloudy,0.458333,0.451375,0.830833,0.258092,96,2818,2914,29,11,2011
333,winter,no,Wed,no,clear sky,0.325,0.311221,0.613333,0.271158,188,3425,3613,30,11,2011
334,winter,no,Thu,no,clear sky,0.3125,0.305554,0.524583,0.220158,182,3545,3727,1,12,2011
335,winter,no,Fri,no,clear sky,0.314167,0.331433,0.625833,0.100754,268,3672,3940,2,12,2011
336,winter,no,Sat,no,clear sky,0.299167,0.310604,,0.0957833,706,2908,3614,3,12,2011
337,winter,no,Sun,no,clear sky,0.330833,0.3491,0.775833,0.0839583,634,2851,3485,4,12,2011
338,winter,no,Mon,no,cloudy,0.385833,0.393925,0.827083,0.0622083,233,3578,3811,5,12,2011
339,winter,no,Tue,no,light rain,0.4625,0.4564,0.949583,0.232583,126,2468,2594,6,12,2011
340,winter,no,Wed,no,light rain,0.41,0.400246,0.970417,0.266175,50,655,705,7,12,2011
341,winter,no,Thu,no,clear sky,0.265833,0.256938,0.58,0.240058,150,3172,3322,8,12,2011
342,winter,no,Fri,no,clear sky,0.290833,0.317542,0.695833,0.0827167,261,3359,3620,9,12,2011
343,winter,no,Sat,no,clear sky,0.275,0.266412,0.5075,0.233221,502,2688,3190,10,12,2011
344,winter,no,Sun,no,clear sky,0.220833,0.253154,0.49,0.0665417,377,2366,2743,11,12,2011
345,winter,no,Mon,no,clear sky,0.238333,0.270196,0.670833,0.06345,143,3167,3310,12,12,2011
346,winter,no,Tue,no,clear sky,0.2825,0.301138,0.59,0.14055,155,3368,3523,13,12,2011
347,winter,no,Wed,no,cloudy,0.3175,0.338362,,0.0609583,178,3562,3740,14,12,2011
348,winter,no,Thu,no,cloudy,0.4225,0.412237,0.634167,0.268042,181,3528,3709,15,12,2011
349,winter,no,Fri,no,cloudy,0.375,0.359825,0.500417,0.260575,178,3399,3577,16,12,2011
350,winter,no,Sat,no,cloudy,0.258333,0.249371,0.560833,0.243167,275,2464,2739,17,12,2011
351,winter,no,Sun,no,clear sky,0.238333,0.245579,0.58625,0.169779,220,2211,2431,18,12,2011
352,winter,no,Mon,no,clear sky,0.276667,0.280933,0.6375,0.172896,260,3143,3403,19,12,2011
353,winter,no,Tue,no,cloudy,0.385833,0.396454,0.595417,0.0615708,216,3534,3750,20,12,2011
354,spring,no,Wed,no,cloudy,0.428333,0.428017,0.858333,0.2214,107,2553,2660,21,12,2011
355,spring,no,Thu,no,cloudy,0.423333,0.426121,0.7575,0.047275,227,2841,3068,22,12,2011
356,spring,no,Fri,no,clear sky,0.373333,0.377513,0.68625,0.274246,163,2046,2209,23,12,2011
357,spring,no,Sat,no,clear sky,0.3025,0.299242,0.5425,0.190304,155,856,1011,24,12,2011
358,spring,no,Sun,no,clear sky,0.274783,0.279961,0.681304,0.155091,303,451,754,25,12,2011
359,spring,yes,Mon,no,clear sky,0.321739,0.315535,0.506957,0.239465,430,887,1317,26,12,2011
360,spring,no,Tue,no,cloudy,0.325,0.327633,0.7625,0.18845,103,1059,1162,27,12,2011
361,spring,no,Wed,no,clear sky,0.29913,0.279974,0.503913,0.293961,255,2047,2302,28,12,2011
362,spring,no,Thu,no,clear sky,0.248333,0.263892,0.574167,0.119412,254,2169,2423,29,12,2011
363,spring,no,Fri,no,clear sky,0.311667,0.318812,0.636667,0.134337,491,2508,2999,30,12,2011
364,spring,no,Sat,no,clear sky,0.41,0.414121,0.615833,0.220154,665,1820,2485,31,12,2011
365,spring,no,Sun,no,clear sky,0.37,0.375621,0.6925,0.192167,686,1608,2294,1,1,2012
366,spring,yes,Mon,no,clear sky,0.273043,0.252304,0.381304,0.329665,244,1707,1951,2,1,2012
367,spring,no,Tue,no,clear sky,0.15,0.126275,0.44125,0.365671,89,2147,2236,3,1,2012
368,spring,no,Wed,no,cloudy,0.1075,0.119337,0.414583,0.1847,95,2273,2368,4,1,2012
369,spring,no,Thu,no,clear sky,0.265833,0.278412,0.524167,0.129987,140,3132,3272,5,1,2012
370,spring,no,Fri,no,clear sky,0.334167,0.340267,0.542083,0.167908,307,3791,4098,6,1,2012
371,spring,no,Sat,no,clear sky,0.393333,0.390779,0.531667,0.174758,1070,3451,4521,7,1,2012
372,spring,no,Sun,no,clear sky,0.3375,0.340258,0.465,0.191542,599,2826,3425,8,1,2012
373,spring,no,Mon,no,cloudy,0.224167,0.247479,0.701667,0.0989,106,2270,2376,9,1,2012
374,spring,no,Tue,no,clear sky,0.308696,0.318826,0.646522,0.187552,173,3425,3598,10,1,2012
375,spring,no,Wed,no,cloudy,0.274167,0.282821,0.8475,0.131221,92,2085,2177,11,1,2012
376,spring,no,Thu,no,cloudy,0.3825,0.381938,0.802917,0.180967,269,3828,4097,12,1,2012
377,spring,no,Fri,no,clear sky,0.274167,0.249362,0.5075,0.378108,174,3040,3214,13,1,2012
378,spring,no,Sat,no,clear sky,0.18,0.183087,0.4575,0.187183,333,2160,2493,14,1,2012
379,spring,no,Sun,no,clear sky,0.166667,0.161625,0.419167,0.251258,284,2027,2311,15,1,2012
380,spring,yes,Mon,no,clear sky,0.19,0.190663,0.5225,0.231358,217,2081,2298,16,1,2012
381,spring,no,Tue,no,cloudy,0.373043,0.364278,0.716087,0.34913,127,2808,2935,17,1,2012
382,spring,no,Wed,no,clear sky,0.303333,0.275254,0.443333,0.415429,109,3267,3376,18,1,2012
383,spring,no,Thu,no,clear sky,0.19,0.190038,0.4975,0.220158,130,3162,3292,19,1,2012
384,spring,no,Fri,no,cloudy,0.2175,0.220958,0.45,0.20275,115,3048,3163,20,1,2012
385,spring,no,Sat,no,cloudy,0.173333,0.174875,0.83125,0.222642,67,1234,1301,21,1,2012
386,spring,no,Sun,no,cloudy,0.1625,0.16225,0.79625,0.199638,196,1781,1977,22,1,2012
387,spring,no,Mon,no,cloudy,0.218333,0.243058,0.91125,0.110708,145,2287,2432,23,1,2012
388,spring,no,Tue,no,clear sky,0.3425,0.349108,0.835833,0.123767,439,3900,4339,24,1,2012
389,spring,no,Wed,no,clear sky,0.294167,0.294821,0.64375,0.161071,467,3803,4270,25,1,2012
390,spring,no,Thu,no,cloudy,0.341667,0.35605,0.769583,0.0733958,244,3831,4075,26,1,2012
391,spring,no,Fri,no,cloudy,0.425,0.415383,0.74125,0.342667,269,3187,3456,27,1,2012
392,spring,no,Sat,no,clear sky,0.315833,0.326379,0.543333,0.210829,775,3248,4023,28,1,2012
393,spring,no,Sun,no,clear sky,0.2825,0.272721,0.31125,0.24005,558,2685,3243,29,1,2012
394,spring,no,Mon,no,clear sky,0.269167,0.262625,0.400833,0.215792,126,3498,3624,30,1,2012
395,spring,no,Tue,no,clear sky,0.39,0.381317,0.416667,0.261817,324,4185,4509,31,1,2012
396,spring,no,Wed,no,clear sky,0.469167,0.466538,0.507917,0.189067,304,4275,4579,1,2,2012
397,spring,no,Thu,no,cloudy,0.399167,0.398971,0.672917,0.187187,190,3571,3761,2,2,2012
398,spring,no,Fri,no,clear sky,0.313333,0.309346,0.526667,0.178496,310,3841,4151,3,2,2012
399,spring,no,Sat,no,cloudy,0.264167,0.272725,0.779583,0.121896,384,2448,2832,4,2,2012
400,spring,no,Sun,no,cloudy,0.265833,0.264521,0.687917,0.175996,318,2629,2947,5,2,2012
401,spring,no,Mon,no,clear sky,0.282609,0.296426,0.622174,0.1538,206,3578,3784,6,2,2012
402,spring,no,Tue,no,clear sky,0.354167,0.361104,0.49625,0.147379,199,4176,4375,7,2,2012
403,spring,no,Wed,no,cloudy,0.256667,0.266421,,0.133721,109,2693,2802,8,2,2012
404,spring,no,Thu,no,clear sky,0.265,0.261988,0.562083,0.194037,163,3667,3830,9,2,2012
405,spring,no,Fri,no,cloudy,0.280833,0.293558,0.54,0.116929,227,3604,3831,10,2,2012
406,spring,no,Sat,no,light rain,0.224167,0.210867,0.73125,0.289796,192,1977,2169,11,2,2012
407,spring,no,Sun,no,clear sky,0.1275,0.101658,0.464583,0.409212,73,1456,1529,12,2,2012
408,spring,no,Mon,no,clear sky,0.2225,0.227913,0.41125,0.167283,94,3328,3422,13,2,2012
409,spring,no,Tue,no,cloudy,0.319167,0.333946,0.50875,0.141179,135,3787,3922,14,2,2012
410,spring,no,Wed,no,clear sky,0.348333,0.351629,0.53125,0.1816,141,4028,4169,15,2,2012
411,spring,no,Thu,no,cloudy,0.316667,0.330162,0.752917,0.091425,74,2931,3005,16,2,2012
412,spring,no,Fri,no,clear sky,0.343333,0.351629,0.634583,0.205846,349,3805,4154,17,2,2012
413,spring,no,Sat,no,clear sky,0.346667,0.355425,0.534583,0.190929,1435,2883,4318,18,2,2012
414,spring,no,Sun,no,cloudy,0.28,0.265788,0.515833,0.253112,618,2071,2689,19,2,2012
415,spring,yes,Mon,no,clear sky,0.28,0.273391,0.507826,0.229083,502,2627,3129,20,2,2012
416,spring,no,Tue,no,clear sky,0.287826,0.295113,0.594348,0.205717,163,3614,3777,21,2,2012
417,spring,no,Wed,no,clear sky,0.395833,0.392667,0.567917,0.234471,394,4379,4773,22,2,2012
418,spring,no,Thu,no,clear sky,0.454167,0.444446,0.554583,0.190913,516,4546,5062,23,2,2012
419,spring,no,Fri,no,cloudy,0.4075,0.410971,0.7375,0.237567,246,3241,3487,24,2,2012
420,spring,no,Sat,no,clear sky,0.290833,0.255675,0.395833,0.421642,317,2415,2732,25,2,2012
421,spring,no,Sun,no,clear sky,0.279167,0.268308,0.41,0.205229,515,2874,3389,26,2,2012
422,spring,no,Mon,no,clear sky,0.366667,0.357954,0.490833,0.268033,253,4069,4322,27,2,2012
423,spring,no,Tue,no,clear sky,0.359167,0.353525,0.395833,0.193417,229,4134,4363,28,2,2012
424,spring,no,Wed,no,cloudy,0.344348,0.34847,0.804783,0.179117,65,1769,1834,29,2,2012
425,spring,no,Thu,no,clear sky,0.485833,0.475371,0.615417,0.226987,325,4665,4990,1,3,2012
426,spring,no,Fri,no,cloudy,0.353333,0.359842,0.657083,0.144904,246,2948,3194,2,3,2012
427,spring,no,Sat,no,cloudy,0.414167,0.413492,0.62125,0.161079,956,3110,4066,3,3,2012
428,spring,no,Sun,no,clear sky,0.325833,0.303021,0.403333,0.334571,710,2713,3423,4,3,2012
429,spring,no,Mon,no,clear sky,0.243333,0.241171,0.50625,0.228858,203,3130,3333,5,3,2012
430,spring,no,Tue,no,clear sky,0.258333,0.255042,0.456667,0.200875,221,3735,3956,6,3,2012
431,spring,no,Wed,no,clear sky,0.404167,0.3851,0.513333,0.345779,432,4484,4916,7,3,2012
432,spring,no,Thu,no,clear sky,0.5275,0.524604,0.5675,0.441563,486,4896,5382,8,3,2012
433,spring,no,Fri,no,cloudy,0.410833,0.397083,0.407083,0.4148,447,4122,4569,9,3,2012
434,spring,no,Sat,no,clear sky,0.2875,0.277767,0.350417,0.22575,968,3150,4118,10,3,2012
435,spring,no,Sun,no,clear sky,0.361739,0.35967,0.476957,0.222587,1658,3253,4911,11,3,2012
436,spring,no,Mon,no,clear sky,0.466667,0.459592,0.489167,0.207713,838,4460,5298,12,3,2012
437,spring,no,Tue,no,clear sky,0.565,0.542929,0.6175,0.23695,762,5085,5847,13,3,2012
438,spring,no,Wed,no,clear sky,0.5725,0.548617,0.507083,0.115062,997,5315,6312,14,3,2012
439,spring,no,Thu,no,clear sky,0.5575,0.532825,0.579583,0.149883,1005,5187,6192,15,3,2012
440,spring,no,Fri,no,cloudy,0.435833,0.436229,0.842083,0.113192,548,3830,4378,16,3,2012
441,spring,no,Sat,no,cloudy,0.514167,0.505046,,0.110704,3155,4681,7836,17,3,2012
442,spring,no,Sun,no,cloudy,0.4725,0.464,0.81,0.126883,2207,3685,5892,18,3,2012
443,spring,no,Mon,no,clear sky,0.545,0.532821,0.72875,0.162317,982,5171,6153,19,3,2012
444,spring,no,Tue,no,clear sky,0.560833,0.538533,0.807917,0.121271,1051,5042,6093,20,3,2012
445,summer,no,Wed,no,cloudy,0.531667,0.513258,0.82125,0.0895583,1122,5108,6230,21,3,2012
446,summer,no,Thu,no,clear sky,0.554167,0.531567,0.83125,0.117562,1334,5537,6871,22,3,2012
447,summer,no,Fri,no,cloudy,0.601667,0.570067,0.694167,0.1163,2469,5893,8362,23,3,2012
448,summer,no,Sat,no,cloudy,0.5025,0.486733,0.885417,0.192783,1033,2339,3372,24,3,2012
449,summer,no,Sun,no,cloudy,0.4375,0.437488,0.880833,0.220775,1532,3464,4996,25,3,2012
450,summer,no,Mon,no,clear sky,0.445833,0.43875,0.477917,0.386821,795,4763,5558,26,3,2012
451,summer,no,Tue,no,clear sky,0.323333,0.315654,0.29,0.187192,531,4571,5102,27,3,2012
452,summer,no,Wed,no,clear sky,0.484167,0.47095,0.48125,0.291671,674,5024,5698,28,3,2012
453,summer,no,Thu,no,clear sky,0.494167,0.482304,0.439167,0.31965,834,5299,6133,29,3,2012
454,summer,no,Fri,no,cloudy,0.37,0.375621,0.580833,0.138067,796,4663,5459,30,3,2012
455,summer,no,Sat,no,cloudy,0.424167,0.421708,0.738333,0.250617,2301,3934,6235,31,3,2012
456,summer,no,Sun,no,cloudy,0.425833,0.417287,0.67625,0.172267,2347,3694,6041,1,4,2012
457,summer,no,Mon,no,clear sky,0.433913,0.427513,0.504348,0.312139,1208,4728,5936,2,4,2012
458,summer,no,Tue,no,clear sky,0.466667,0.461483,0.396667,0.100133,1348,5424,6772,3,4,2012
459,summer,no,Wed,no,clear sky,0.541667,0.53345,0.469583,0.180975,1058,5378,6436,4,4,2012
460,summer,no,Thu,no,clear sky,0.435,0.431163,0.374167,0.219529,1192,5265,6457,5,4,2012
461,summer,no,Fri,no,clear sky,0.403333,0.390767,0.377083,0.300388,1807,4653,6460,6,4,2012
462,summer,no,Sat,no,clear sky,0.4375,0.426129,0.254167,0.274871,3252,3605,6857,7,4,2012
463,summer,no,Sun,no,clear sky,0.5,0.492425,0.275833,0.232596,2230,2939,5169,8,4,2012
464,summer,no,Mon,no,clear sky,0.489167,0.476638,0.3175,0.358196,905,4680,5585,9,4,2012
465,summer,no,Tue,no,clear sky,0.446667,0.436233,0.435,0.249375,819,5099,5918,10,4,2012
466,summer,no,Wed,no,clear sky,0.348696,0.337274,0.469565,0.295274,482,4380,4862,11,4,2012
467,summer,no,Thu,no,clear sky,0.3975,0.387604,0.46625,0.290429,663,4746,5409,12,4,2012
468,summer,no,Fri,no,clear sky,0.4425,0.431808,0.408333,0.155471,1252,5146,6398,13,4,2012
469,summer,no,Sat,no,clear sky,0.495,0.487996,0.502917,0.190917,2795,4665,7460,14,4,2012
470,summer,no,Sun,no,clear sky,0.606667,0.573875,0.507917,0.225129,2846,4286,7132,15,4,2012
471,summer,yes,Mon,no,clear sky,0.664167,0.614925,0.561667,0.284829,1198,5172,6370,16,4,2012
472,summer,no,Tue,no,clear sky,0.608333,0.598487,0.390417,0.273629,989,5702,6691,17,4,2012
473,summer,no,Wed,no,cloudy,0.463333,0.457038,0.569167,0.167912,347,4020,4367,18,4,2012
474,summer,no,Thu,no,clear sky,0.498333,0.493046,0.6125,0.0659292,846,5719,6565,19,4,2012
475,summer,no,Fri,no,clear sky,0.526667,0.515775,0.694583,0.149871,1340,5950,7290,20,4,2012
476,summer,no,Sat,no,clear sky,0.57,0.542921,0.682917,0.283587,2541,4083,6624,21,4,2012
477,summer,no,Sun,no,light rain,0.396667,0.389504,0.835417,0.344546,120,907,1027,22,4,2012
478,summer,no,Mon,no,cloudy,0.321667,0.301125,0.766667,0.303496,195,3019,3214,23,4,2012
479,summer,no,Tue,no,clear sky,0.413333,0.405283,0.454167,0.249383,518,5115,5633,24,4,2012
480,summer,no,Wed,no,clear sky,0.476667,0.470317,0.427917,0.118792,655,5541,6196,25,4,2012
481,summer,no,Thu,no,cloudy,0.498333,0.483583,0.756667,0.176625,475,4551,5026,26,4,2012
482,summer,no,Fri,no,clear sky,0.4575,0.452637,0.400833,0.347633,1014,5219,6233,27,4,2012
483,summer,no,Sat,no,cloudy,0.376667,0.377504,0.489583,0.129975,1120,3100,4220,28,4,2012
484,summer,no,Sun,no,clear sky,0.458333,0.450121,0.587083,0.116908,2229,4075,6304,29,4,2012
485,summer,no,Mon,no,cloudy,0.464167,0.457696,0.57,0.171638,665,4907,5572,30,4,2012
486,summer,no,Tue,no,cloudy,0.613333,0.577021,0.659583,0.156096,653,5087,5740,1,5,2012
487,summer,no,Wed,no,clear sky,0.564167,0.537896,0.797083,0.138058,667,5502,6169,2,5,2012
488,summer,no,Thu,no,cloudy,0.56,0.537242,0.768333,0.133696,764,5657,6421,3,5,2012
489,summer,no,Fri,no,clear sky,0.6275,0.590917,0.735417,0.162938,1069,5227,6296,4,5,2012
490,summer,no,Sat,no,cloudy,0.621667,0.584608,0.756667,0.152992,2496,4387,6883,5,5,2012
491,summer,no,Sun,no,cloudy,0.5625,0.546737,0.74,0.149879,2135,4224,6359,6,5,2012
492,summer,no,Mon,no,cloudy,0.5375,0.527142,,0.230721,1008,5265,6273,7,5,2012
493,summer,no,Tue,no,cloudy,0.581667,0.557471,0.685833,0.296029,738,4990,5728,8,5,2012
494,summer,no,Wed,no,cloudy,0.575,0.553025,0.744167,0.216412,620,4097,4717,9,5,2012
495,summer,no,Thu,no,clear sky,0.505833,0.491783,0.552083,0.314063,1026,5546,6572,10,5,2012
496,summer,no,Fri,no,clear sky,0.533333,0.520833,0.360417,0.236937,1319,5711,7030,11,5,2012
497,summer,no,Sat,no,clear sky,0.564167,0.544817,0.480417,0.123133,2622,4807,7429,12,5,2012
498,summer,no,Sun,no,clear sky,0.6125,0.585238,0.57625,0.225117,2172,3946,6118,13,5,2012
499,summer,no,Mon,no,cloudy,0.573333,0.5499,0.789583,0.212692,342,2501,2843,14,5,2012
500,summer,no,Tue,no,cloudy,0.611667,0.576404,,0.147392,625,4490,5115,15,5,2012
501,summer,no,Wed,no,clear sky,0.636667,0.595975,0.697917,0.122512,991,6433,7424,16,5,2012
502,summer,no,Thu,no,clear sky,0.593333,0.572613,0.52,0.229475,1242,6142,7384,17,5,2012
503,summer,no,Fri,no,clear sky,0.564167,0.551121,0.523333,0.136817,1521,6118,7639,18,5,2012
504,summer,no,Sat,no,clear sky,0.6,0.566908,0.45625,0.083975,3410,4884,8294,19,5,2012
505,summer,no,Sun,no,clear sky,0.620833,0.583967,0.530417,0.254367,2704,4425,7129,20,5,2012
506,summer,no,Mon,no,cloudy,0.598333,0.565667,0.81125,0.233204,630,3729,4359,21,5,2012
507,summer,no,Tue,no,cloudy,0.615,0.580825,0.765833,0.118167,819,5254,6073,22,5,2012
508,summer,no,Wed,no,cloudy,0.621667,0.584612,0.774583,0.102,766,4494,5260,23,5,2012
509,summer,no,Thu,no,clear sky,0.655,0.6067,0.716667,0.172896,1059,5711,6770,24,5,2012
510,summer,no,Fri,no,clear sky,0.68,0.627529,0.747083,0.14055,1417,5317,6734,25,5,2012
511,summer,no,Sat,no,clear sky,0.6925,0.642696,0.7325,0.198992,2855,3681,6536,26,5,2012
512,summer,no,Sun,no,clear sky,0.69,0.641425,0.697083,0.215171,3283,3308,6591,27,5,2012
513,summer,yes,Mon,no,clear sky,0.7125,0.6793,0.67625,0.196521,2557,3486,6043,28,5,2012
514,summer,no,Tue,no,clear sky,0.7225,0.672992,0.684583,0.2954,880,4863,5743,29,5,2012
515,summer,no,Wed,no,cloudy,0.656667,0.611129,0.67,0.134329,745,6110,6855,30,5,2012
516,summer,no,Thu,no,clear sky,0.68,0.631329,0.492917,0.195279,1100,6238,7338,31,5,2012
517,summer,no,Fri,no,cloudy,0.654167,0.607962,0.755417,0.237563,533,3594,4127,1,6,2012
518,summer,no,Sat,no,clear sky,0.583333,0.566288,0.549167,0.186562,2795,5325,8120,2,6,2012
519,summer,no,Sun,no,clear sky,0.6025,0.575133,0.493333,0.184087,2494,5147,7641,3,6,2012
520,summer,no,Mon,no,clear sky,0.5975,0.578283,0.487083,0.284833,1071,5927,6998,4,6,2012
521,summer,no,Tue,no,cloudy,0.540833,0.525892,,0.209575,968,6033,7001,5,6,2012
522,summer,no,Wed,no,clear sky,0.554167,0.542292,0.61125,0.077125,1027,6028,7055,6,6,2012
523,summer,no,Thu,no,clear sky,0.6025,0.569442,0.567083,0.15735,1038,6456,7494,7,6,2012
524,summer,no,Fri,no,clear sky,0.649167,0.597862,0.467917,0.175383,1488,6248,7736,8,6,2012
525,summer,no,Sat,no,clear sky,0.710833,0.648367,0.437083,0.144287,2708,4790,7498,9,6,2012
526,summer,no,Sun,no,clear sky,0.726667,0.663517,0.538333,0.133721,2224,4374,6598,10,6,2012
527,summer,no,Mon,no,cloudy,0.720833,0.659721,0.587917,0.207713,1017,5647,6664,11,6,2012
528,summer,no,Tue,no,cloudy,0.653333,0.597875,0.833333,0.214546,477,4495,4972,12,6,2012
529,summer,no,Wed,no,clear sky,0.655833,0.611117,0.582083,0.343279,1173,6248,7421,13,6,2012
530,summer,no,Thu,no,clear sky,0.648333,0.624383,0.569583,0.253733,1180,6183,7363,14,6,2012
531,summer,no,Fri,no,clear sky,0.639167,0.599754,0.589583,0.176617,1563,6102,7665,15,6,2012
532,summer,no,Sat,no,clear sky,0.631667,0.594708,0.504167,0.166667,2963,4739,7702,16,6,2012
533,summer,no,Sun,no,clear sky,0.5925,0.571975,0.59875,0.144904,2634,4344,6978,17,6,2012
534,summer,no,Mon,no,cloudy,0.568333,0.544842,0.777917,0.174746,653,4446,5099,18,6,2012
535,summer,no,Tue,no,clear sky,0.688333,0.654692,0.69,0.148017,968,5857,6825,19,6,2012
536,summer,no,Wed,no,clear sky,0.7825,0.720975,0.592083,0.113812,872,5339,6211,20,6,2012
537,fall,no,Thu,no,clear sky,0.805833,0.752542,0.567917,0.118787,778,5127,5905,21,6,2012
538,fall,no,Fri,no,clear sky,0.7775,0.724121,0.57375,0.182842,964,4859,5823,22,6,2012
539,fall,no,Sat,no,clear sky,0.731667,0.652792,0.534583,0.179721,2657,4801,7458,23,6,2012
540,fall,no,Sun,no,clear sky,0.743333,0.674254,0.479167,0.145525,2551,4340,6891,24,6,2012
541,fall,no,Mon,no,clear sky,0.715833,0.654042,0.504167,0.300383,1139,5640,6779,25,6,2012
542,fall,no,Tue,no,clear sky,0.630833,0.594704,0.373333,0.347642,1077,6365,7442,26,6,2012
543,fall,no,Wed,no,clear sky,0.6975,0.640792,0.36,0.271775,1077,6258,7335,27,6,2012
544,fall,no,Thu,no,clear sky,0.749167,0.675512,0.4225,0.17165,921,5958,6879,28,6,2012
545,fall,no,Fri,no,clear sky,0.834167,0.786613,0.48875,0.165417,829,4634,5463,29,6,2012
546,fall,no,Sat,no,clear sky,0.765,0.687508,0.60125,0.161071,1455,4232,5687,30,6,2012
547,fall,no,Sun,no,clear sky,0.815833,0.750629,0.51875,0.168529,1421,4110,5531,1,7,2012
548,fall,no,Mon,no,clear sky,0.781667,0.702038,0.447083,0.195267,904,5323,6227,2,7,2012
549,fall,no,Tue,no,clear sky,0.780833,0.70265,0.492083,0.126237,1052,5608,6660,3,7,2012
550,fall,yes,Wed,no,clear sky,0.789167,0.732337,0.53875,0.13495,2562,4841,7403,4,7,2012
551,fall,no,Thu,no,clear sky,0.8275,0.761367,0.457917,0.194029,1405,4836,6241,5,7,2012
552,fall,no,Fri,no,clear sky,0.828333,0.752533,0.450833,0.146142,1366,4841,6207,6,7,2012
553,fall,no,Sat,no,clear sky,0.861667,0.804913,0.492083,0.163554,1448,3392,4840,7,7,2012
554,fall,no,Sun,no,clear sky,0.8225,0.790396,0.57375,0.125629,1203,3469,4672,8,7,2012
555,fall,no,Mon,no,cloudy,0.710833,0.654054,0.683333,0.180975,998,5571,6569,9,7,2012
556,fall,no,Tue,no,cloudy,0.720833,0.664796,0.6675,0.151737,954,5336,6290,10,7,2012
557,fall,no,Wed,no,clear sky,0.716667,0.650271,0.633333,0.151733,975,6289,7264,11,7,2012
558,fall,no,Thu,no,clear sky,0.715833,0.654683,0.529583,0.146775,1032,6414,7446,12,7,2012
559,fall,no,Fri,no,cloudy,0.731667,0.667933,0.485833,0.08085,1511,5988,7499,13,7,2012
560,fall,no,Sat,no,cloudy,0.703333,0.666042,0.699167,0.143679,2355,4614,6969,14,7,2012
561,fall,no,Sun,no,clear sky,0.745833,0.705196,0.717917,0.166667,1920,4111,6031,15,7,2012
562,fall,no,Mon,no,clear sky,0.763333,0.724125,0.645,0.164187,1088,5742,6830,16,7,2012
563,fall,no,Tue,no,clear sky,0.818333,0.755683,0.505833,0.114429,921,5865,6786,17,7,2012
564,fall,no,Wed,no,clear sky,0.793333,0.745583,,0.137442,799,4914,5713,18,7,2012
565,fall,no,Thu,no,clear sky,0.77,0.714642,0.600417,0.165429,888,5703,6591,19,7,2012
566,fall,no,Fri,no,cloudy,0.665833,0.613025,0.844167,0.208967,747,5123,5870,20,7,2012
567,fall,no,Sat,no,light rain,0.595833,0.549912,0.865417,0.2133,1264,3195,4459,21,7,2012
568,fall,no,Sun,no,cloudy,0.6675,0.623125,0.7625,0.0939208,2544,4866,7410,22,7,2012
569,fall,no,Mon,no,clear sky,0.741667,0.690017,0.694167,0.138683,1135,5831,6966,23,7,2012
570,fall,no,Tue,no,clear sky,0.750833,0.70645,0.655,0.211454,1140,6452,7592,24,7,2012
571,fall,no,Wed,no,clear sky,0.724167,0.654054,0.45,0.1648,1383,6790,8173,25,7,2012
572,fall,no,Thu,no,clear sky,0.776667,0.739263,0.596667,0.284813,1036,5825,6861,26,7,2012
573,fall,no,Fri,no,clear sky,0.781667,0.734217,,0.152992,1259,5645,6904,27,7,2012
574,fall,no,Sat,no,clear sky,0.755833,0.697604,0.613333,0.15735,2234,4451,6685,28,7,2012
575,fall,no,Sun,no,clear sky,0.721667,0.667933,0.62375,0.170396,2153,4444,6597,29,7,2012
576,fall,no,Mon,no,clear sky,0.730833,0.684987,0.66875,0.153617,1040,6065,7105,30,7,2012
577,fall,no,Tue,no,clear sky,0.713333,0.662896,0.704167,0.165425,968,6248,7216,31,7,2012
578,fall,no,Wed,no,clear sky,0.7175,0.667308,0.6775,0.141179,1074,6506,7580,1,8,2012
579,fall,no,Thu,no,clear sky,0.7525,0.707088,0.659583,0.129354,983,6278,7261,2,8,2012
580,fall,no,Fri,no,cloudy,0.765833,0.722867,0.6425,0.215792,1328,5847,7175,3,8,2012
581,fall,no,Sat,no,clear sky,0.793333,0.751267,0.613333,0.257458,2345,4479,6824,4,8,2012
582,fall,no,Sun,no,clear sky,0.769167,0.731079,,0.290421,1707,3757,5464,5,8,2012
583,fall,no,Mon,no,cloudy,0.7525,0.710246,0.654167,0.129354,1233,5780,7013,6,8,2012
584,fall,no,Tue,no,cloudy,0.735833,0.697621,0.70375,0.116908,1278,5995,7273,7,8,2012
585,fall,no,Wed,no,cloudy,0.75,0.707717,0.672917,0.1107,1263,6271,7534,8,8,2012
586,fall,no,Thu,no,clear sky,0.755833,0.699508,0.620417,0.1561,1196,6090,7286,9,8,2012
587,fall,no,Fri,no,cloudy,0.715833,0.667942,0.715833,0.238813,1065,4721,5786,10,8,2012
588,fall,no,Sat,no,cloudy,0.6925,0.638267,0.732917,0.206479,2247,4052,6299,11,8,2012
589,fall,no,Sun,no,clear sky,0.700833,0.644579,0.530417,0.122512,2182,4362,6544,12,8,2012
590,fall,no,Mon,no,clear sky,0.720833,0.662254,0.545417,0.136212,1207,5676,6883,13,8,2012
591,fall,no,Tue,no,clear sky,0.726667,0.676779,0.686667,0.169158,1128,5656,6784,14,8,2012
592,fall,no,Wed,no,clear sky,0.706667,0.654037,,0.169771,1198,6149,7347,15,8,2012
593,fall,no,Thu,no,clear sky,0.719167,0.654688,0.519167,0.141796,1338,6267,7605,16,8,2012
594,fall,no,Fri,no,clear sky,0.723333,0.2424,0.570833,0.231354,1483,5665,7148,17,8,2012
595,fall,no,Sat,no,clear sky,0.678333,0.618071,0.603333,0.177867,2827,5038,7865,18,8,2012
596,fall,no,Sun,no,cloudy,0.635833,0.603554,0.711667,0.08645,1208,3341,4549,19,8,2012
597,fall,no,Mon,no,cloudy,0.635833,0.595967,0.734167,0.129979,1026,5504,6530,20,8,2012
598,fall,no,Tue,no,clear sky,0.649167,0.601025,0.67375,0.0727708,1081,5925,7006,21,8,2012
599,fall,no,Wed,no,clear sky,0.6675,0.621854,0.677083,0.0702833,1094,6281,7375,22,8,2012
600,fall,no,Thu,no,clear sky,0.695833,0.637008,0.635833,0.0845958,1363,6402,7765,23,8,2012
601,fall,no,Fri,no,cloudy,0.7025,0.6471,0.615,0.0721458,1325,6257,7582,24,8,2012
602,fall,no,Sat,no,cloudy,0.661667,0.618696,,0.244408,1829,4224,6053,25,8,2012
603,fall,no,Sun,no,cloudy,0.653333,0.595996,0.845833,0.228858,1483,3772,5255,26,8,2012
604,fall,no,Mon,no,clear sky,0.703333,0.654688,0.730417,0.128733,989,5928,6917,27,8,2012
605,fall,no,Tue,no,clear sky,0.728333,0.66605,0.62,0.190925,935,6105,7040,28,8,2012
606,fall,no,Wed,no,clear sky,0.685,0.635733,0.552083,0.112562,1177,6520,7697,29,8,2012
607,fall,no,Thu,no,clear sky,0.706667,0.652779,0.590417,0.0771167,1172,6541,7713,30,8,2012
608,fall,no,Fri,no,clear sky,0.764167,0.6894,0.5875,0.168533,1433,5917,7350,31,8,2012
609,fall,no,Sat,no,cloudy,0.753333,0.702654,0.638333,0.113187,2352,3788,6140,1,9,2012
610,fall,no,Sun,no,cloudy,0.696667,0.649,0.815,0.0640708,2613,3197,5810,2,9,2012
611,fall,yes,Mon,no,clear sky,0.7075,0.661629,0.790833,0.151121,1965,4069,6034,3,9,2012
612,fall,no,Tue,no,clear sky,0.725833,0.686888,0.755,0.236321,867,5997,6864,4,9,2012
613,fall,no,Wed,no,clear sky,0.736667,0.708983,0.74125,0.187808,832,6280,7112,5,9,2012
614,fall,no,Thu,no,cloudy,0.696667,0.655329,0.810417,0.142421,611,5592,6203,6,9,2012
615,fall,no,Fri,no,clear sky,0.703333,0.657204,0.73625,0.171646,1045,6459,7504,7,9,2012
616,fall,no,Sat,no,cloudy,0.659167,0.611121,0.799167,0.281104,1557,4419,5976,8,9,2012
617,fall,no,Sun,no,clear sky,0.61,0.578925,0.5475,0.224496,2570,5657,8227,9,9,2012
618,fall,no,Mon,no,clear sky,0.583333,0.565654,0.50375,0.258713,1118,6407,7525,10,9,2012
619,fall,no,Tue,no,clear sky,0.5775,0.554292,0.52,0.0920542,1070,6697,7767,11,9,2012
620,fall,no,Wed,no,clear sky,0.599167,0.570075,0.577083,0.131846,1050,6820,7870,12,9,2012
621,fall,no,Thu,no,clear sky,0.6125,0.579558,0.637083,0.0827208,1054,6750,7804,13,9,2012
622,fall,no,Fri,no,clear sky,0.633333,0.594083,0.6725,0.103863,1379,6630,8009,14,9,2012
623,fall,no,Sat,no,clear sky,0.608333,0.585867,0.501667,0.247521,3160,5554,8714,15,9,2012
624,fall,no,Sun,no,clear sky,0.58,0.563125,0.57,0.0901833,2166,5167,7333,16,9,2012
625,fall,no,Mon,no,cloudy,0.580833,0.55305,0.734583,0.151742,1022,5847,6869,17,9,2012
626,fall,no,Tue,no,cloudy,0.623333,0.565067,0.8725,0.357587,371,3702,4073,18,9,2012
627,fall,no,Wed,no,clear sky,0.5525,0.540404,0.536667,0.215175,788,6803,7591,19,9,2012
628,fall,no,Thu,no,clear sky,0.546667,0.532192,0.618333,0.118167,939,6781,7720,20,9,2012
629,fall,no,Fri,no,clear sky,0.599167,0.571971,0.66875,0.154229,1250,6917,8167,21,9,2012
630,fall,no,Sat,no,clear sky,0.65,0.610488,0.646667,0.283583,2512,5883,8395,22,9,2012
631,winter,no,Sun,no,clear sky,0.529167,0.518933,0.467083,0.223258,2454,5453,7907,23,9,2012
632,winter,no,Mon,no,clear sky,0.514167,0.502513,0.492917,0.142404,1001,6435,7436,24,9,2012
633,winter,no,Tue,no,clear sky,0.55,0.544179,0.57,0.236321,845,6693,7538,25,9,2012
634,winter,no,Wed,no,clear sky,0.635,0.596613,0.630833,0.2444,787,6946,7733,26,9,2012
635,winter,no,Thu,no,cloudy,0.65,0.607975,0.690833,0.134342,751,6642,7393,27,9,2012
636,winter,no,Fri,no,cloudy,0.619167,0.585863,,0.164179,1045,6370,7415,28,9,2012
637,winter,no,Sat,no,clear sky,0.5425,0.530296,0.542917,0.227604,2589,5966,8555,29,9,2012
638,winter,no,Sun,no,clear sky,0.526667,0.517663,0.583333,0.134958,2015,4874,6889,30,9,2012
639,winter,no,Mon,no,cloudy,0.520833,0.512,0.649167,0.0908042,763,6015,6778,1,10,2012
640,winter,no,Tue,no,light rain,0.590833,0.542333,0.871667,0.104475,315,4324,4639,2,10,2012
641,winter,no,Wed,no,cloudy,0.6575,0.599133,0.79375,0.0665458,728,6844,7572,3,10,2012
642,winter,no,Thu,no,cloudy,0.6575,0.607975,0.722917,0.117546,891,6437,7328,4,10,2012
643,winter,no,Fri,no,clear sky,0.615,0.580187,0.6275,0.10635,1516,6640,8156,5,10,2012
644,winter,no,Sat,no,clear sky,0.554167,0.538521,0.664167,0.268025,3031,4934,7965,6,10,2012
645,winter,no,Sun,no,cloudy,0.415833,0.419813,,0.141162,781,2729,3510,7,10,2012
646,winter,yes,Mon,no,cloudy,0.383333,0.387608,0.709583,0.189679,874,4604,5478,8,10,2012
647,winter,no,Tue,no,cloudy,0.446667,0.438112,0.761667,0.1903,601,5791,6392,9,10,2012
648,winter,no,Wed,no,clear sky,0.514167,0.503142,0.630833,0.187821,780,6911,7691,10,10,2012
649,winter,no,Thu,no,clear sky,0.435,0.431167,0.463333,0.181596,834,6736,7570,11,10,2012
650,winter,no,Fri,no,clear sky,0.4375,0.433071,0.539167,0.235092,1060,6222,7282,12,10,2012
651,winter,no,Sat,no,clear sky,0.393333,0.391396,0.494583,0.146142,2252,4857,7109,13,10,2012
652,winter,no,Sun,no,clear sky,0.521667,0.508204,0.640417,0.278612,2080,4559,6639,14,10,2012
653,winter,no,Mon,no,cloudy,0.561667,0.53915,0.7075,0.296037,760,5115,5875,15,10,2012
654,winter,no,Tue,no,clear sky,0.468333,0.460846,0.558333,0.182221,922,6612,7534,16,10,2012
655,winter,no,Wed,no,clear sky,0.455833,0.450108,0.692917,0.101371,979,6482,7461,17,10,2012
656,winter,no,Thu,no,cloudy,0.5225,0.512625,0.728333,0.236937,1008,6501,7509,18,10,2012
657,winter,no,Fri,no,cloudy,0.563333,0.537896,0.815,0.134954,753,4671,5424,19,10,2012
658,winter,no,Sat,no,clear sky,0.484167,0.472842,0.572917,0.117537,2806,5284,8090,20,10,2012
659,winter,no,Sun,no,clear sky,0.464167,0.456429,0.51,0.166054,2132,4692,6824,21,10,2012
660,winter,no,Mon,no,clear sky,0.4875,0.482942,0.568333,0.0814833,830,6228,7058,22,10,2012
661,winter,no,Tue,no,clear sky,0.544167,0.530304,0.641667,0.0945458,841,6625,7466,23,10,2012
662,winter,no,Wed,no,clear sky,0.5875,0.558721,0.63625,0.0727792,795,6898,7693,24,10,2012
663,winter,no,Thu,no,cloudy,0.55,0.529688,0.800417,0.124375,875,6484,7359,25,10,2012
664,winter,no,Fri,no,cloudy,0.545833,0.52275,0.807083,0.132467,1182,6262,7444,26,10,2012
665,winter,no,Sat,no,cloudy,0.53,0.515133,0.72,0.235692,2643,5209,7852,27,10,2012
666,winter,no,Sun,no,cloudy,0.4775,0.467771,0.694583,0.398008,998,3461,4459,28,10,2012
667,winter,no,Mon,no,light rain,0.44,0.4394,0.88,0.3582,2,20,22,29,10,2012
668,winter,no,Tue,no,cloudy,0.318182,0.309909,0.825455,0.213009,87,1009,1096,30,10,2012
669,winter,no,Wed,no,cloudy,0.3575,0.3611,0.666667,0.166667,419,5147,5566,31,10,2012
670,winter,no,Thu,no,cloudy,0.365833,0.369942,0.581667,0.157346,466,5520,5986,1,11,2012
671,winter,no,Fri,no,clear sky,0.355,0.356042,0.522083,0.266175,618,5229,5847,2,11,2012
672,winter,no,Sat,no,cloudy,0.343333,0.323846,0.49125,0.270529,1029,4109,5138,3,11,2012
673,winter,no,Sun,no,clear sky,0.325833,0.329538,0.532917,0.179108,1201,3906,5107,4,11,2012
674,winter,no,Mon,no,clear sky,0.319167,0.308075,0.494167,0.236325,378,4881,5259,5,11,2012
675,winter,no,Tue,no,clear sky,0.280833,0.281567,0.567083,0.173513,466,5220,5686,6,11,2012
676,winter,no,Wed,no,cloudy,0.295833,0.274621,0.5475,0.304108,326,4709,5035,7,11,2012
677,winter,no,Thu,no,clear sky,0.352174,0.341891,0.333478,0.347835,340,4975,5315,8,11,2012
678,winter,no,Fri,no,clear sky,0.361667,0.355413,0.540833,0.214558,709,5283,5992,9,11,2012
679,winter,no,Sat,no,clear sky,0.389167,0.393937,0.645417,0.0578458,2090,4446,6536,10,11,2012
680,winter,no,Sun,no,clear sky,0.420833,0.421713,0.659167,0.1275,2290,4562,6852,11,11,2012
681,winter,yes,Mon,no,clear sky,0.485,0.475383,0.741667,0.173517,1097,5172,6269,12,11,2012
682,winter,no,Tue,no,cloudy,0.343333,0.323225,0.662917,0.342046,327,3767,4094,13,11,2012
683,winter,no,Wed,no,clear sky,0.289167,0.281563,0.552083,0.199625,373,5122,5495,14,11,2012
684,winter,no,Thu,no,cloudy,0.321667,0.324492,0.620417,0.152987,320,5125,5445,15,11,2012
685,winter,no,Fri,no,clear sky,0.345,0.347204,0.524583,0.171025,484,5214,5698,16,11,2012
686,winter,no,Sat,no,clear sky,0.325,0.326383,,0.179729,1313,4316,5629,17,11,2012
687,winter,no,Sun,no,clear sky,0.3425,0.337746,0.692917,0.227612,922,3747,4669,18,11,2012
688,winter,no,Mon,no,cloudy,0.380833,0.375621,0.623333,0.235067,449,5050,5499,19,11,2012
689,winter,no,Tue,no,cloudy,0.374167,0.380667,0.685,0.082725,534,5100,5634,20,11,2012
690,winter,no,Wed,no,clear sky,0.353333,0.364892,0.61375,0.103246,615,4531,5146,21,11,2012
691,winter,yes,Thu,no,clear sky,0.34,0.350371,0.580417,0.0528708,955,1470,2425,22,11,2012
692,winter,no,Fri,no,clear sky,0.368333,0.378779,0.56875,0.148021,1603,2307,3910,23,11,2012
693,winter,no,Sat,no,clear sky,0.278333,0.248742,0.404583,0.376871,532,1745,2277,24,11,2012
694,winter,no,Sun,no,clear sky,0.245833,0.257583,0.468333,0.1505,309,2115,2424,25,11,2012
695,winter,no,Mon,no,clear sky,0.313333,0.339004,0.535417,0.04665,337,4750,5087,26,11,2012
696,winter,no,Tue,no,cloudy,0.291667,0.281558,0.786667,0.237562,123,3836,3959,27,11,2012
697,winter,no,Wed,no,clear sky,0.296667,0.289762,0.50625,0.210821,198,5062,5260,28,11,2012
698,winter,no,Thu,no,clear sky,0.28087,0.298422,0.555652,0.115522,243,5080,5323,29,11,2012
699,winter,no,Fri,no,clear sky,0.298333,0.323867,0.649583,0.0584708,362,5306,5668,30,11,2012
700,winter,no,Sat,no,cloudy,0.298333,0.316904,0.806667,0.0597042,951,4240,5191,1,12,2012
701,winter,no,Sun,no,cloudy,0.3475,0.359208,0.823333,0.124379,892,3757,4649,2,12,2012
702,winter,no,Mon,no,clear sky,0.4525,0.455796,0.7675,0.0827208,555,5679,6234,3,12,2012
703,winter,no,Tue,no,clear sky,0.475833,0.469054,0.73375,0.174129,551,6055,6606,4,12,2012
704,winter,no,Wed,no,clear sky,0.438333,0.428012,0.485,0.324021,331,5398,5729,5,12,2012
705,winter,no,Thu,no,clear sky,0.255833,0.258204,0.50875,0.174754,340,5035,5375,6,12,2012
706,winter,no,Fri,no,cloudy,0.320833,0.321958,,0.1306,349,4659,5008,7,12,2012
707,winter,no,Sat,no,cloudy,0.381667,0.389508,0.91125,0.101379,1153,4429,5582,8,12,2012
708,winter,no,Sun,no,cloudy,0.384167,0.390146,0.905417,0.157975,441,2787,3228,9,12,2012
709,winter,no,Mon,no,cloudy,0.435833,0.435575,0.925,0.190308,329,4841,5170,10,12,2012
710,winter,no,Tue,no,cloudy,0.353333,0.338363,0.596667,0.296037,282,5219,5501,11,12,2012
711,winter,no,Wed,no,cloudy,0.2975,0.297338,0.538333,0.162937,310,5009,5319,12,12,2012
712,winter,no,Thu,no,clear sky,0.295833,0.294188,0.485833,0.174129,425,5107,5532,13,12,2012
713,winter,no,Fri,no,clear sky,0.281667,0.294192,0.642917,0.131229,429,5182,5611,14,12,2012
714,winter,no,Sat,no,clear sky,0.324167,0.338383,0.650417,0.10635,767,4280,5047,15,12,2012
715,winter,no,Sun,no,cloudy,0.3625,0.369938,0.83875,0.100742,538,3248,3786,16,12,2012
716,winter,no,Mon,no,cloudy,0.393333,0.4015,0.907083,0.0982583,212,4373,4585,17,12,2012
717,winter,no,Tue,no,clear sky,0.410833,0.409708,0.66625,0.221404,433,5124,5557,18,12,2012
718,winter,no,Wed,no,clear sky,0.3325,0.342162,0.625417,0.184092,333,4934,5267,19,12,2012
719,winter,no,Thu,no,cloudy,0.33,0.335217,0.667917,0.132463,314,3814,4128,20,12,2012
720,spring,no,Fri,no,cloudy,0.326667,0.301767,0.556667,0.374383,221,3402,3623,21,12,2012
721,spring,no,Sat,no,clear sky,0.265833,0.236113,0.44125,0.407346,205,1544,1749,22,12,2012
722,spring,no,Sun,no,clear sky,0.245833,0.259471,0.515417,0.133083,408,1379,1787,23,12,2012
723,spring,no,Mon,no,cloudy,0.231304,0.2589,0.791304,0.0772304,174,746,920,24,12,2012
724,spring,yes,Tue,no,cloudy,0.291304,0.294465,0.734783,0.168726,440,573,1013,25,12,2012
725,spring,no,Wed,no,light rain,0.243333,0.220333,0.823333,0.316546,9,432,441,26,12,2012
726,spring,no,Thu,no,cloudy,0.254167,0.226642,0.652917,0.350133,247,1867,2114,27,12,2012
727,spring,no,Fri,no,cloudy,0.253333,0.255046,0.59,0.155471,644,2451,3095,28,12,2012
728,spring,no,Sat,no,cloudy,0.253333,0.2424,0.752917,0.124383,159,1182,1341,29,12,2012
729,spring,no,Sun,no,clear sky,0.255833,0.2317,,0.350754,364,1432,1796,30,12,2012
730,spring,no,Mon,no,cloudy,0.215833,0.223487,0.5775,0.154846,439,2290,2729,31,12,2012